Jurisdiction,1960,1961,1962,1963,1964,1965,1966,1967,1968,1969,1970,1971,1972,1973,1974,1975,1976,1977,1978,1979,1980,1981,1982,1983,1984,1985,1986,1987,1988,1989,1990,1991,1992,1993,1994,1995,1996,1997,1998,1999,2000,2001,2002,2003,2004,2005,2006,2007,2008,2009,2010,2011,2012,2013,2014,2015,2016,2017,2018
AR,,,24450604878,18272123664,25605249382,28344705967,28630474728,24256667553,26436857247,31256284544,31584210366,33293199095,34733000536,52544000117,72436777342,52438647922,51169499891,56781000101,58082870156,69252328953,76961923742,78676842366,84307486837,1.04E+11,79092001998,88416668900,1.11E+11,1.11E+11,1.26E+11,76636898036,1.41E+11,1.90E+11,2.29E+11,2.37E+11,2.57E+11,2.58E+11,2.72E+11,2.93E+11,2.99E+11,2.84E+11,2.84E+11,2.69E+11,97724004252,1.28E+11,1.65E+11,1.99E+11,2.33E+11,2.88E+11,3.62E+11,3.33E+11,4.24E+11,5.30E+11,5.46E+11,5.52E+11,5.26E+11,5.95E+11,5.58E+11,6.43E+11,5.20E+11
AM,,,,,,,,,,,,,,,,,,,,,,,,,,,,,,,2256838858,2068526522,1272577456,1201313201,1315158670,1468317350,1596968913,1639492424,1893726437,1845482181,1911563665,2118467913,2376335048,2807061009,3576615240,4900469950,6384451606,9206301700,11662040714,8647936748,9260284938,10142111334,10619320049,11121465767,11609512940,10553337673,10546135160,11527458566,12433089919
AU,18577668272,19652816665,19892485161,21507447643,23764139321,25936835032,27268451114,30397580916,32665472057,36628961810,41271138985,45149512823,51967289720,63737347854,88831245394,97170558514,1.05E+11,1.10E+11,1.18E+11,1.35E+11,1.50E+11,1.77E+11,1.94E+11,1.77E+11,1.93E+11,1.80E+11,1.82E+11,1.89E+11,2.36E+11,2.99E+11,3.11E+11,3.25E+11,3.25E+11,3.12E+11,3.22E+11,3.67E+11,4.00E+11,4.35E+11,3.99E+11,3.89E+11,4.15E+11,3.78E+11,3.95E+11,4.66E+11,6.12E+11,6.93E+11,7.46E+11,8.53E+11,1.05E+12,9.28E+11,1.15E+12,1.40E+12,1.55E+12,1.58E+12,1.47E+12,1.35E+12,1.21E+12,1.33E+12,1.43E+12
AT,6592693841,7311749633,7756110210,8374175258,9169983886,9994070616,10887682273,11579431669,12440625313,13582798556,15373005769,17858485957,22059612417,29515467988,35189299985,40059206763,42959976068,51545759221,62052258694,73937296655,82058912465,71034228097,71275287328,72121016623,67985345162,69386774475,99036165210,1.24E+11,1.33E+11,1.33E+11,1.66E+11,1.74E+11,1.95E+11,1.90E+11,2.04E+11,2.41E+11,2.37E+11,2.13E+11,2.18E+11,2.17E+11,1.97E+11,1.97E+11,2.13E+11,2.62E+11,3.01E+11,3.16E+11,3.36E+11,3.89E+11,4.30E+11,4.00E+11,3.92E+11,4.31E+11,4.09E+11,4.30E+11,4.42E+11,3.82E+11,3.95E+11,4.17E+11,4.55E+11
BE,11658722591,12400145222,13264015675,14260017387,15960106681,17371457608,18651883472,19992040788,21376353113,23710735895,26706196127,29821661541,37209417835,47743801490,56033078190,65678188659,71113883177,82839905346,1.01E+11,1.16E+11,1.27E+11,1.05E+11,92095926629,87184238659,83349529880,86268264488,1.20E+11,1.49E+11,1.62E+11,1.64E+11,2.05E+11,2.11E+11,2.35E+11,2.25E+11,2.45E+11,2.88E+11,2.79E+11,2.53E+11,2.59E+11,2.58E+11,2.36E+11,2.37E+11,2.57E+11,3.17E+11,3.69E+11,3.86E+11,4.08E+11,4.70E+11,5.15E+11,4.81E+11,4.81E+11,5.23E+11,4.96E+11,5.22E+11,5.35E+11,4.62E+11,4.76E+11,5.03E+11,5.43E+11
BG,,,,,,,,,,,,,,,,,,,,,19839230769,19870000000,19342000000,16563666667,17594944444,17155421053,20249294118,28101000000,22555941176,21988444444,20632090909,10943548387,10350515464,10829710145,9697416974,18867559524,12184935357,11211546465,14942172234,13531969309,13153016531,14075616789,16276456428,20982685981,25957970922,29636617750,34130122491,44411476557,54409138498,51884481410,50610058210,57418414504,53903022339,55555171010,56814543481,50201314895,53240950226,58220973783,65132951116
BA,,,,,,,,,,,,,,,,,,,,,,,,,,,,,,,,,,,1255802469,1866572954,2786045322,3671816504,4116699437,4685733115,5505887894,5748993411,6651106833,8369878823,10596205714,11222953519,12864610994,15778767670,19112739664,17613836210,17176781337,18644723861,17226849297,18178503835,18558343508,16211540686,16913330694,18080118128,20161865419
BY,,,,,,,,,,,,,,,,,,,,,,,,,,,,,,,21650000000,18000000000,17037037037,16280991736,14932024169,13972676841,14756846154,14128408566,15222012660,12138486532,12736856828,12354820144,14594249023,17827791321,23144351852,30207567317,36954312354,45277399814,60763483146,50874078052,57222490769,61757788945,65685102555,75527984234,78813839984,56454734397,47722657821,54726595249,60031262269
BR,15165569913,15236854859,19926293839,23021477292,21211892260,21790035117,27062716578,30591834054,33875881876,37458898244,42327600098,49204456700,58539008786,79279057731,1.05E+11,1.24E+11,1.53E+11,1.76E+11,2.01E+11,2.25E+11,2.35E+11,2.64E+11,2.82E+11,2.03E+11,2.09E+11,2.23E+11,2.68E+11,2.94E+11,3.30E+11,4.26E+11,4.62E+11,6.03E+11,4.01E+11,4.38E+11,5.58E+11,7.69E+11,8.50E+11,8.83E+11,8.64E+11,5.99E+11,6.55E+11,5.59E+11,5.08E+11,5.58E+11,6.69E+11,8.92E+11,1.11E+12,1.40E+12,1.70E+12,1.67E+12,2.21E+12,2.62E+12,2.47E+12,2.47E+12,2.46E+12,1.80E+12,1.80E+12,2.06E+12,1.89E+12
CA,40461721693,40934952064,42227447632,45029988561,49377522897,54515179581,61088384037,65668655501,71829810520,79148411662,87896095224,99271961478,1.13E+11,1.31E+11,1.60E+11,1.74E+11,2.07E+11,2.12E+11,2.19E+11,2.43E+11,2.74E+11,3.06E+11,3.14E+11,3.41E+11,3.55E+11,3.65E+11,3.77E+11,4.31E+11,5.07E+11,5.65E+11,5.94E+11,6.10E+11,5.92E+11,5.77E+11,5.78E+11,6.04E+11,6.29E+11,6.53E+11,6.32E+11,6.76E+11,7.42E+11,7.36E+11,7.58E+11,8.92E+11,1.02E+12,1.17E+12,1.32E+12,1.46E+12,1.55E+12,1.37E+12,1.61E+12,1.79E+12,1.82E+12,1.84E+12,1.80E+12,1.55E+12,1.53E+12,1.65E+12,1.71E+12
CH,9522746719,10712712465,11879982759,13063643796,14480556572,15346741670,16480058705,17740013179,18942729779,20524886616,24274075006,29170150923,35777236928,48114943567,55449199174,63570059117,66493313570,71017619472,99318234340,1.12E+11,1.19E+11,1.09E+11,1.12E+11,1.11E+11,1.06E+11,1.08E+11,1.54E+11,1.93E+11,2.09E+11,2.02E+11,2.58E+11,2.61E+11,2.72E+11,2.64E+11,2.93E+11,3.43E+11,3.30E+11,2.87E+11,2.95E+11,2.90E+11,2.72E+11,2.79E+11,3.01E+11,3.53E+11,3.94E+11,4.09E+11,4.31E+11,4.80E+11,5.54E+11,5.42E+11,5.84E+11,7.00E+11,6.68E+11,6.89E+11,7.09E+11,6.80E+11,6.71E+11,6.80E+11,7.05E+11
CL,4110000000,4609727273,5416272727,5668187500,5982347826,6026593750,7072641026,7013196078,7167086957,8377093023,9126309735,10884114754,11853817308,16836261173,16210404184,7622217352,10341925249,13962893422,15989933708,21803696985,29036709872,34509878044,25325893206,20355959237,19622527480,17702885394,18891048819,22255407685,26040229793,29885685143,33113887818,37834793730,45964327559,49297773130,57008425296,73447063319,78039572222,84952360922,81577430181,75173794497,77860932152,70979923960,69736811435,75643459840,99210392858,1.23E+11,1.55E+11,1.74E+11,1.80E+11,1.72E+11,2.19E+11,2.52E+11,2.67E+11,2.78E+11,2.61E+11,2.44E+11,2.50E+11,2.78E+11,2.98E+11
CN,59716467625,50056868958,47209359006,50706799903,59708343489,70436266147,76720285970,72881631327,70846535056,79705906247,92602973434,99800958648,1.14E+11,1.39E+11,1.44E+11,1.63E+11,1.54E+11,1.75E+11,1.50E+11,1.78E+11,1.91E+11,1.96E+11,2.05E+11,2.31E+11,2.60E+11,3.09E+11,3.01E+11,2.73E+11,3.12E+11,3.48E+11,3.61E+11,3.83E+11,4.27E+11,4.45E+11,5.64E+11,7.35E+11,8.64E+11,9.62E+11,1.03E+12,1.09E+12,1.21E+12,1.34E+12,1.47E+12,1.66E+12,1.96E+12,2.29E+12,2.75E+12,3.55E+12,4.59E+12,5.10E+12,6.09E+12,7.55E+12,8.53E+12,9.57E+12,1.04E+13,1.10E+13,1.11E+13,1.21E+13,1.36E+13
CO,4031152977,4540447761,4955543963,4836166667,5973366667,5760761905,5428518519,5825170438,5960212869,6450175214,7198360460,7820380971,8671358733,10315760000,12370029584,13098633902,15341403660,19470960619,23263511958,27940411250,33400735644,36388366869,38968039722,38729822782,38253120738,34894411352,34942489684,36373307085,39212550050,39540080200,47844090710,49175565911,58418985443,66446804803,81703500846,92507279383,97160109278,1.07E+11,98443739941,86186158685,99886577331,98211749596,97963003805,94641378693,1.17E+11,1.45E+11,1.61E+11,2.06E+11,2.42E+11,2.32E+11,2.86E+11,3.34E+11,3.71E+11,3.82E+11,3.81E+11,2.93E+11,2.83E+11,3.12E+11,3.31E+11
CR,507513830,490325181.6,479180824.3,511902136.8,542578367.2,592981162.3,647305630.2,699456618.9,773841494.3,853630203.8,984830158.5,1077152902,1238251696,1528916185,1666544754,1960863466,2412555426,3072427013,3523208810,4035519323,4831447001,2623807074,2606621255,3146770104,3660476459,3919203960,4418983871,4532952047,4614629898,5251025767,5711687787,7168999670,8528593421,9537297723,10432619325,11513472786,11618286652,12552071488,13617405297,14195623343,14949514493,15913363441,16504795593,17196009811,18528955525,19948261084,22602721765,26743972564,30612927059,30562361123,37268614024,42262697840,46473128286,49745088112,50577769838,54775994479,57157992434,58174549218,60130106116
CU,,,,,,,,,,,5693005200,6914658400,8135150892,9987709650,11405957317,13027415244,13789579903,14206158675,17844705325,19584443288,19912889861,20150254096,20953510235,22204940512,24039383608,22920490774,24226574634,25213935012,27458999472,27023468666,28645436569,24316556026,22085858243,22367254865,28448326757,30429803651,25017368700,25365908100,25736331200,28364615200,30565400000,31682400000,33590500000,35901200000,38203000000,42643836100,52742800000,58603900000,60806300000,62080000000,64328000000,68990000000,73141000000,77148000000,80656000000,87133000000,91370000000,96851000000,1.00E+11
CY,,,,,,,,,,,,,,,,489914760.7,576090073.7,734887974,964026512.2,1288715210,2154311277,2087496374,2159242417,2160364071,2278248953,2430411900,3090734463,3704813886,4278792597,4563482604,5591130218,5770197348,6912150456,6590291048,7425703929,9933133247,10011918444,9547818700,10248617647,10497908306,9985844486,10397897086,11420227885,14547325028,17320552500,18433411267,20072786351,23968764030,27844698989,25945391775,25732432719,27565469098,24978513427,23900872626,23128114787,19779150116,20890936462,22638608224,24961988663
CZ,,,,,,,,,,,,,,,,,,,,,,,,,,,,,,,40477403220,29675502270,34590052812,40614350197,47554674591,59775697061,66985765439,61792161168,66490372105,64867483193,61649492817,67523642262,81910771994,99627140274,1.19E+11,1.36E+11,1.55E+11,1.89E+11,2.36E+11,2.06E+11,2.07E+11,2.28E+11,2.07E+11,2.09E+11,2.08E+11,1.87E+11,1.95E+11,2.16E+11,2.45E+11
DE,,,,,,,,,,,2.16E+11,2.50E+11,3.00E+11,3.98E+11,4.45E+11,4.91E+11,5.20E+11,6.00E+11,7.40E+11,8.81E+11,9.50E+11,8.00E+11,7.77E+11,7.71E+11,7.25E+11,7.33E+11,1.05E+12,1.30E+12,1.40E+12,1.40E+12,1.77E+12,1.87E+12,2.13E+12,2.07E+12,2.21E+12,2.59E+12,2.50E+12,2.21E+12,2.24E+12,2.19E+12,1.94E+12,1.94E+12,2.07E+12,2.50E+12,2.81E+12,2.85E+12,2.99E+12,3.42E+12,3.73E+12,3.40E+12,3.40E+12,3.74E+12,3.53E+12,3.73E+12,3.88E+12,3.36E+12,3.47E+12,3.66E+12,3.95E+12
DK,,,,,,,11931739859,13059064375,13505573867,15414902267,17075457600,19085731252,23232379952,30730626663,34160444798,40474406216,44575892473,49784338519,60362931854,70366241969,71127528700,61877813965,60412844679,60644782176,59105236854,62658568287,88078760104,1.09E+11,1.16E+11,1.12E+11,1.38E+11,1.39E+11,1.53E+11,1.43E+11,1.56E+11,1.85E+11,1.88E+11,1.74E+11,1.77E+11,1.78E+11,1.64E+11,1.65E+11,1.79E+11,2.18E+11,2.51E+11,2.64E+11,2.83E+11,3.19E+11,3.53E+11,3.21E+11,3.22E+11,3.44E+11,3.27E+11,3.44E+11,3.53E+11,3.03E+11,3.13E+11,3.29E+11,3.56E+11
DO,672399700,654100200,824100000,940799900,1025599900,888100000,983900000,1034800000,1079100000,1230500000,1485500000,1666500000,1987400000,2344800000,2925700000,3599200000,3951500000,4587100000,4734400000,5498800000,6761300000,7561300000,8267400000,9220600000,11594000000,5044592945,6122198120,5826987099,5374314928,6686593060,7073675545,9734321854,11356271336,13081042400,14664237667,16598679279,18241691857,20017908829,21672526563,22137599986,24305116729,25599311449,27362875603,21642882856,22692574473,36119047252,38116351526,43965459070,48122601589,48261079523,53860187453,58029773801,60681535893,62682158701,67179956264,71164826721,75704647977,79998045976,85555390387
DZ,2723648552,2434776646,2001468868,2703014867,2909351793,3136258897,3039834559,3370843066,3852115817,4257218772,4863487493,5077222367,6761786387,8715105930,13209713643,15557934268,17728347375,20971901273,26364491313,33243422158,42345277342,44348672668,45207088716,48801369800,53698278906,57937868670,63696301893,66742267773,59089067187,55631489802,62045099643,45715367087,48003298223,49946455211,42542571306,41764052458,46941496780,48177862502,48187747529,48639108361,54786074940,54743249369,56758113501,67866141224,85324767230,1.03E+11,1.17E+11,1.35E+11,1.71E+11,1.37E+11,1.61E+11,2.00E+11,2.09E+11,2.10E+11,2.14E+11,1.66E+11,1.60E+11,1.67E+11,1.74E+11
EC,2069465326,1753850417,1518208221,1824344492,2244146868,2387048255,2429309514,2553596092,2582180794,3112166848,2862504170,2754220263,3185987235,3891755552,6599259421,7731677257,9091924305,11026346590,11922502171,14175166008,17881514683,21810767209,19929853575,17152483214,16912515183,17149094590,15314143988,13945431882,13051886552,13890828708,15239278100,16988535268,18094238119,18938717359,22708673337,24432884442,25226393197,28162053027,27981896948,19645272636,18327764882,24468324000,28548945000,32432858000,36591661000,41507085000,46802044000,51007777000,61762635000,62519686000,69555367000,79276664000,87924544000,95129659000,1.02E+11,99290381000,99937696000,1.04E+11,1.08E+11
EG,,,,,,4948667540,5278005612,5605484299,5932242991,6524455206,8042200452,8609283346,9299638056,10098534613,9228963225,11632178869,13315988083,14400806876,14811704063,18020571429,21669908177,22136081081,27655172414,30966239814,33971188992,39053502251,41253507951,40455616654,34980124929,39756299050,42978914311,37387836491,41855986519,46578631453,51897983393,60159245060,67629716981,78436578171,84828807556,90710704807,99838543960,97632008710,87850683979,82924503943,78845185293,89685725230,1.07E+11,1.30E+11,1.63E+11,1.89E+11,2.19E+11,2.36E+11,2.79E+11,2.89E+11,3.06E+11,3.33E+11,3.33E+11,2.35E+11,2.51E+11
ES,12072126075,13834300571,16138545209,19074913948,21343844644,24756958695,28721062242,31647119228,31475548481,36038711600,40992995959,46619420120,59132415739,78639527127,97274005192,1.15E+11,1.19E+11,1.32E+11,1.61E+11,2.15E+11,2.33E+11,2.03E+11,1.96E+11,1.71E+11,1.72E+11,1.81E+11,2.51E+11,3.19E+11,3.76E+11,4.15E+11,5.37E+11,5.77E+11,6.31E+11,5.25E+11,5.31E+11,6.15E+11,6.43E+11,5.90E+11,6.19E+11,6.35E+11,5.97E+11,6.27E+11,7.05E+11,9.05E+11,1.07E+12,1.15E+12,1.26E+12,1.47E+12,1.63E+12,1.49E+12,1.42E+12,1.48E+12,1.32E+12,1.35E+12,1.37E+12,1.20E+12,1.23E+12,1.31E+12,1.42E+12
EE,,,,,,,,,,,,,,,,,,,,,,,,,,,,,,,,,,4006982535,4116735207,4497823918,4780169853,5147711226,5665917232,5762048126,5694069842,6259258258,7372457191,9877636518,12144397516,14098326328,17012321791,22445582946,24371299985,19744110447,19685033799,23394843529,23192709239,25271407239,26773472962,23048864243,23996451498,26792757827,30732144529
ET,,,,,,,,,,,,,,,,,,,,,,7324903188,7707678019,8567890821,8096302367,9480840483,9848600870,10527338647,10908935749,11476584879,12175166763,13463868357,10492993078,8830712714,6927950565,7663984568,8547939731,8589211390,7818224906,7700833482,8242392104,8231326016,7850809498,8623691300,10131187261,12401139454,15280861835,19707616773,27066912635,32437389116,29933790334,31952763089,43310721414,47648211133,55612228234,64589334979,74296618481,81760441159,84355604753
FI,5224102196,5921659485,6340580854,6885920329,7766655086,8589340019,9208524505,9368954010,8823033880,10070766721,11357517271,12527405087,14743185403,19472363155,24848821333,29472623727,31849514233,33499799174,36256160722,44465255381,53645202423,52448332874,52797582336,50973526900,52888800950,55875863392,73531550551,91594751792,1.09E+11,1.19E+11,1.41E+11,1.28E+11,1.13E+11,89214114708,1.03E+11,1.34E+11,1.32E+11,1.27E+11,1.34E+11,1.35E+11,1.26E+11,1.29E+11,1.40E+11,1.71E+11,1.97E+11,2.05E+11,2.17E+11,2.56E+11,2.85E+11,2.52E+11,2.49E+11,2.75E+11,2.58E+11,2.71E+11,2.74E+11,2.35E+11,2.41E+11,2.54E+11,2.77E+11
FR,62225478001,67461644222,75607529810,84759195106,94007851047,1.02E+11,1.10E+11,1.19E+11,1.30E+11,1.42E+11,1.48E+11,1.66E+11,2.03E+11,2.64E+11,2.86E+11,3.61E+11,3.72E+11,4.10E+11,5.07E+11,6.14E+11,7.01E+11,6.16E+11,5.85E+11,5.60E+11,5.31E+11,5.53E+11,7.71E+11,9.34E+11,1.02E+12,1.03E+12,1.27E+12,1.27E+12,1.40E+12,1.32E+12,1.39E+12,1.60E+12,1.61E+12,1.45E+12,1.50E+12,1.49E+12,1.36E+12,1.38E+12,1.49E+12,1.84E+12,2.12E+12,2.20E+12,2.32E+12,2.66E+12,2.92E+12,2.69E+12,2.64E+12,2.86E+12,2.68E+12,2.81E+12,2.85E+12,2.44E+12,2.47E+12,2.59E+12,2.78E+12
GB,73233967692,77741965703,81247564157,86561961812,94407558351,1.02E+11,1.09E+11,1.13E+11,1.08E+11,1.16E+11,1.31E+11,1.48E+11,1.70E+11,1.93E+11,2.06E+11,2.42E+11,2.33E+11,2.63E+11,3.36E+11,4.39E+11,5.65E+11,5.41E+11,5.15E+11,4.90E+11,4.61E+11,4.89E+11,6.01E+11,7.45E+11,9.10E+11,9.27E+11,1.09E+12,1.14E+12,1.18E+12,1.06E+12,1.14E+12,1.34E+12,1.42E+12,1.56E+12,1.65E+12,1.68E+12,1.66E+12,1.64E+12,1.78E+12,2.05E+12,2.42E+12,2.54E+12,2.71E+12,3.10E+12,2.92E+12,2.41E+12,2.48E+12,2.66E+12,2.70E+12,2.79E+12,3.06E+12,2.93E+12,2.69E+12,2.67E+12,2.86E+12
GE,,,,,,,,,,,,,,,,,,,,,,,,,,,,,,,7753501868,6357615894,3690328964,2701181331,2513870587,2693731866,3094935187,3510520231,3613498175,2800026339,3057475289,3219488664,3395728014,3991284895,5125365192,6410823633,7745394293,10172882371,12795076469,10766836277,12243505583,15107441447,16488403076,17189491403,17627060089,14953950557,15141758567,16242956764,17599660629
GR,4335186017,4961400439,5213047711,5895278024,6669673257,7689154053,8591517944,9275600800,10090675903,11615657031,13139862500,14591755682,16885506818,22347844649,25351305682,28525872476,31152840485,36176233117,44270203154,54481875805,56829663469,52346507380,54617991327,49428872678,48020024788,47820850975,56379593720,65652751132,76261278405,79169043642,97891090929,1.05E+11,1.16E+11,1.09E+11,1.17E+11,1.37E+11,1.46E+11,1.43E+11,1.44E+11,1.43E+11,1.30E+11,1.36E+11,1.54E+11,2.02E+11,2.41E+11,2.48E+11,2.73E+11,3.18E+11,3.54E+11,3.30E+11,2.99E+11,2.88E+11,2.46E+11,2.40E+11,2.37E+11,1.97E+11,1.95E+11,2.03E+11,2.18E+11
GT,1043599900,1076699900,1143600000,1262800000,1299099900,1331399900,1390700000,1453500000,1610500000,1715399900,1904000000,1984800000,2101300000,2569200100,3161499900,3645900000,4365300200,5480500200,6070600200,6902600200,7878700000,8607500300,8716999700,9050000400,9470000100,9721652087,7231963516,7084399840,7841602824,8410724361,7650125217,9406097735,10440842165,11399942453,12983235568,14655404433,15674835615,17790026222,19395491993,18318412251,19288827159,18702802522,20776403774,21917430694,23965275794,27211377107,30231249625,34113107372,39136436614,37733609795,41338008613,47654783852,50388460925,53851153447,58722323918,63767597194,68663649522,75620081928,78460447920
HK,1320796652,1383681651,1612346412,1935298266,2206466461,2435078534,2489845017,2692474989,2716964388,3189740055,3800766536,4476001946,5710107420,8030117556,9388663646,10048022370,12876366009,15719433719,18315007366,22526035941,28861759209,31055409443,32291306282,29907091340,33511383986,35699543051,41075570592,50622571586,59707404561,68790369107,76928290842,88959620136,1.04E+11,1.20E+11,1.36E+11,1.45E+11,1.60E+11,1.77E+11,1.69E+11,1.66E+11,1.72E+11,1.69E+11,1.66E+11,1.61E+11,1.69E+11,1.82E+11,1.94E+11,2.12E+11,2.19E+11,2.14E+11,2.29E+11,2.49E+11,2.63E+11,2.76E+11,2.91E+11,3.09E+11,3.21E+11,3.42E+11,3.63E+11
HN,335650000,356200000,387750000,410200000,457000000,508650000,549950000,598100000,646800000,668000050,723000000,731000000,802999950,912499950,1034500000,1124000000,1347999950,1669499950,3097242093,3544281976,3968160046,4043894879,4266503526,4476697185,4915311846,5278120713,5677828959,6190521241,5902717092,5432344902,4923009552,4648668479,4943700431,4926728933,4642280682,5347445005,5215028986,5737099650,6366340266,6414520530,7103507989,7565869928,7775078403,8140271081,8772146605,9672035709,10841742348,12275501784,13789715133,14587496229,15839344592,17710315006,18528601901,18499710128,19756494435,20979767785,21717622071,23136232230,24024189736
HR,,,,,,,,,,,,,,,,,,,,,,,,,,,,,,,,,,,,22417450486,23710279342,23854803104,25467053259,23400480898,21669159308,23179799796,26815719603,34686547353,41594418574,45386757883,50454899071,60182977533,70288911413,62666161453,59807966533,62354235671,56494436183,58056951042,57642879510,49530656285,51596929180,55319620158,60971699315
HU,,,,,,,,,,,,,,,,,,,,,,,,,,,,,,,,34753569690,38730585921,40124916945,43166678731,46425677734,46658755152,47296952929,48706787306,49073380174,47218405892,53749989092,67608919144,85302003908,1.04E+11,1.13E+11,1.16E+11,1.40E+11,1.58E+11,1.31E+11,1.31E+11,1.41E+11,1.28E+11,1.35E+11,1.41E+11,1.25E+11,1.28E+11,1.42E+11,1.58E+11
ID,,,,,,,,5667756645,7076465295,8337423313,9150684932,9333536360,10997590361,16273253012,25802409639,30463855422,37269156627,45808915663,51455719100,51400186379,72482337370,85518233451,90158449307,81052283405,84853699994,85289491750,79954072570,75929617577,84300174477,94451427898,1.06E+11,1.17E+11,1.28E+11,1.58E+11,1.77E+11,2.02E+11,2.27E+11,2.16E+11,95445547873,1.40E+11,1.65E+11,1.60E+11,1.96E+11,2.35E+11,2.57E+11,2.86E+11,3.65E+11,4.32E+11,5.10E+11,5.40E+11,7.55E+11,8.93E+11,9.18E+11,9.13E+11,8.91E+11,8.61E+11,9.32E+11,1.02E+12,1.04E+12
IN,37029883875,39232435784,42161481859,48421923459,56480289941,59554854575,45865462034,50134942203,53085455871,58447995017,62422483055,67350988021,71463193830,85515269586,99525899116,98472796457,1.03E+11,1.21E+11,1.37E+11,1.53E+11,1.86E+11,1.93E+11,2.01E+11,2.18E+11,2.12E+11,2.33E+11,2.49E+11,2.79E+11,2.97E+11,2.96E+11,3.21E+11,2.70E+11,2.88E+11,2.79E+11,3.27E+11,3.60E+11,3.93E+11,4.16E+11,4.21E+11,4.59E+11,4.68E+11,4.85E+11,5.15E+11,6.08E+11,7.09E+11,8.20E+11,9.40E+11,1.22E+12,1.20E+12,1.34E+12,1.68E+12,1.82E+12,1.83E+12,1.86E+12,2.04E+12,2.10E+12,2.29E+12,2.65E+12,2.72E+12
IE,1939329775,2088012282,2260349684,2430843768,2766608946,2945704143,3104034393,3343636773,3278584478,3787077344,4401259497,5104355309,6325627459,7490132356,7906317069,9495165854,9465078121,11261810826,14665538055,18341273372,21773901117,20694944099,21500471384,20790917197,20130728188,21295485800,28748959623,33961141386,37818133293,39285383971,49364679953,49847127139,55985505025,52480251773,57166035571,69222624369,75880630166,82826141595,90082051923,98692079267,99852958356,1.09E+11,1.28E+11,1.64E+11,1.94E+11,2.12E+11,2.32E+11,2.70E+11,2.75E+11,2.36E+11,2.22E+11,2.37E+11,2.25E+11,2.39E+11,2.58E+11,2.92E+11,3.01E+11,3.35E+11,3.82E+11
IS,248434097,253885656.3,284916516.2,340061650.1,434267936.9,523694949.4,628893310.4,621225962.2,474399471.6,414709311.4,527496590.9,671258750,840914457.3,1156175524,1517467734,1408989850,1671997859,2211828984,2515601748,2857724220,3386501918,3498247432,3211446626,2770107923,2868747035,2988537806,3995619693,5528616190,6115814935,5681096096,6478459747,6920116563,7091625419,6227928906,6399064571,7134341218,7438183247,7580988916,8494094643,8971609106,9003639475,8205357164,9294651863,11414054861,13834751482,16812529924,17216417442,21514962937,17905251832,13164652894,13683689802,15158548597,14724078264,16033517529,17758089312,17344165907,20716024757,24489493459,25878475760
IL,2598500000,3138500000,2510000000,2992333333,3405333333,3663333333,3980000000,4030000000,4619000000,5329333333,7048667154,6711750464,8775250607,11326250783,16341001130,15360167729,15183126050,17372801201,16843177635,21514081487,24164511475,25579229839,27837512213,31092231687,29160460747,27504908679,34097561976,40963279140,50099381786,49901966662,59011278706,67558017658,75607012222,75985906529,86342662574,1.00E+11,1.10E+11,1.15E+11,1.16E+11,1.17E+11,1.32E+11,1.31E+11,1.21E+11,1.27E+11,1.35E+11,1.43E+11,1.54E+11,1.79E+11,2.16E+11,2.07E+11,2.34E+11,2.61E+11,2.57E+11,2.93E+11,3.10E+11,3.00E+11,3.19E+11,3.53E+11,3.71E+11
IT,40385288344,44842760293,50383891899,57710743060,63175417019,67978153851,73654870011,81133120065,87942231678,97085082807,1.13E+11,1.25E+11,1.45E+11,1.75E+11,2.00E+11,2.28E+11,2.25E+11,2.58E+11,3.15E+11,3.94E+11,4.77E+11,4.31E+11,4.27E+11,4.43E+11,4.38E+11,4.52E+11,6.40E+11,8.06E+11,8.92E+11,9.29E+11,1.18E+12,1.25E+12,1.32E+12,1.06E+12,1.10E+12,1.17E+12,1.31E+12,1.24E+12,1.27E+12,1.25E+12,1.14E+12,1.17E+12,1.27E+12,1.57E+12,1.80E+12,1.86E+12,1.95E+12,2.21E+12,2.40E+12,2.19E+12,2.13E+12,2.29E+12,2.09E+12,2.14E+12,2.16E+12,1.84E+12,1.88E+12,1.96E+12,2.08E+12
JO,,,,,,599831979.8,658078969.5,631755810.7,561187342.5,698963875.7,639596751.6,678241389,788574629,943700547.8,1197454207,1363039400,1708734940,2096568479,2602748691,3271728272,3910036925,4384685230,4680567376,4920407601,4966710013,4993829194,6401380000,6755599114,6277197435,4220945005,4160003917,4344250257,5390688438,5685784384,6326420495,6821989155,7024203103,7347574048,8023356841,8263921016,8579280677,9101452750,9716868829,10338730606,11571424542,12765218618,15268053597,17350521862,22279907003,24154000000,26795901408,29244647887,31371056338,34064873239,36329267606,38043450704,39196676056,40708943662,42231295775
JP,44307342950,53508617739,60723018684,69498131797,81749006382,90950278258,1.06E+11,1.24E+11,1.47E+11,1.72E+11,2.13E+11,2.40E+11,3.18E+11,4.32E+11,4.80E+11,5.22E+11,5.86E+11,7.21E+11,1.01E+12,1.06E+12,1.11E+12,1.22E+12,1.13E+12,1.24E+12,1.32E+12,1.40E+12,2.08E+12,2.53E+12,3.07E+12,3.05E+12,3.13E+12,3.58E+12,3.91E+12,4.45E+12,4.91E+12,5.45E+12,4.83E+12,4.41E+12,4.03E+12,4.56E+12,4.89E+12,4.30E+12,4.12E+12,4.45E+12,4.82E+12,4.76E+12,4.53E+12,4.52E+12,5.04E+12,5.23E+12,5.70E+12,6.16E+12,6.20E+12,5.16E+12,4.85E+12,4.39E+12,4.93E+12,4.86E+12,4.97E+12
KZ,,,,,,,,,,,,,,,,,,,,,,,,,,,,,,,26932728899,24881135586,24906939560,23409027476,21250839258,20374307047,21035357833,22165932063,22135245413,16870817135,18291990619,22152694162,24636593223,30833699703,43151647003,57123671734,81003884545,1.05E+11,1.33E+11,1.15E+11,1.48E+11,1.93E+11,2.08E+11,2.37E+11,2.21E+11,1.84E+11,1.37E+11,1.67E+11,1.79E+11
KE,791265458.8,792959472.1,868111400,926589348.6,998759333.6,997919320,1164519673,1232559506,1353295458,1458379415,1603447357,1778391289,2107279157,2502142444,2973309272,3259344936,3474542392,4494378855,5303734883,6234390975,7265315332,6854491454,6431579357,5979198464,6191437070,6135034338,7239126717,7970820531,8355380879,8283114648,8572359163,8151479004,8209129172,5751789915,7148145376,9046326060,12045858436,13115773738,14093998844,12896013577,12705357103,12986007426,13147743911,14904517650,16095337094,18737897745,25825524821,31958195182,35895153328,37021512049,40000088347,41953433591,50412754861,55096728048,61448046802,64007750179,69188755511,78757391333,87908262520
KG,,,,,,,,,,,,,,,,,,,,,,,,,,,,,,,2675000000,2569444444,2316562500,2028295455,1681006993,1661018519,1827570586,1767864036,1645963750,1249061487,1369688498,1525116370,1605643105,1919008090,2211534585,2460248026,2834168889,3802566171,5139957785,4690062255,4794357795,6197766119,6605139933,7335027592,7468096567,6678178340,6813092066,7702934800,8092836609
KR,3957240261,2417638423,2813856976,3988476879,3458565257,3120495495,3928281860,4854724235,6117115489,7675943920,8999227202,9889961112,10842220469,13841885921,19482038223,21704752066,29779338843,38265082645,51700619835,66567975207,64980820835,72425590649,77773431088,87024427973,96597434180,1.00E+11,1.16E+11,1.46E+11,1.97E+11,2.44E+11,2.79E+11,3.26E+11,3.50E+11,3.86E+11,4.56E+11,5.56E+11,5.98E+11,5.58E+11,3.74E+11,4.85E+11,5.62E+11,5.33E+11,6.09E+11,6.81E+11,7.65E+11,8.98E+11,1.01E+12,1.12E+12,1.00E+12,9.02E+11,1.09E+12,1.20E+12,1.22E+12,1.31E+12,1.41E+12,1.38E+12,1.41E+12,1.53E+12,1.62E+12
LT,,,,,,,,,,,,,,,,,,,,,,,,,,,,,,,,,,,,7870782261,8385109020,10120274493,11240360898,10972878636,11539211480,12252498921,14278357284,18802576988,22649930576,26125575942,30216060233,39738180077,47850551149,37440673478,37024718365,43419061504,42826586830,46450990764,48485169331,41392396558,43021972485,47632961168,53429066429
LU,703925705.9,704145671.4,741509480.8,791140595.8,903158753.9,921600736.3,968440149.5,974721762.5,1066447131,1234878981,1509155063,1572310772,1968733022,2701874664,3295861019,3233431611,3544268025,3922895892,4884869092,5711457760,6232005656,5231808670,4764549532,4683697830,4594891581,4738559685,6921264132,8614215559,9750161053,10391504709,13229247948,14321878795,16065740778,16486900187,18325791415,21588170498,21776609772,19731912494,20209122027,22235929043,21263514833,21272418792,23616328816,29557325056,34685281848,37347394603,42414308117,50888134410,55849686539,51370543206,53212476812,60004630234,56677961787,61739352212,66103853237,57744457955,60691483443,64023412340,70885325883
LV,,,,,,,,,,,,,,,,,,,,,,,,,,,,,,,,,,,,5770516258,5952007402,6508472054,7145882283,7518044679,7934206257,8334748153,9529948840,11731703358,14355307662,16909366521,21436812139,30897981124,35657998831,26250900751,23796118301,28246551197,28170812352,30276485436,31382780146,27090019663,27734140217,30198231776,34409229178
MO,,,,,,,,,,,,,,,,,,,,,,,1130457130,1121486563,1292281654,1348827324,1517496131,1941246972,2269233639,2683254708,3220920085,3735117374,4879018602,5625533410,6265844252,6996034037,7122539667,7211264780,6742367273,6490571704,6720492406,6811227983,7322677820,8195033162,10585624891,12092222042,14789661809,18340447243,20917444920,21475520709,28123640999,36709860068,43031577366,51552075902,55347998648,45361678147,45387299721,50751059058,55084050790
MA,2037150716,2025689537,2379606422,2657247327,2798339769,2948325264,2876395613,3046339295,3271415868,3651615453,3956328426,4356633663,5074117545,6242177798,7675408486,8984824183,9584323309,11049896742,13236854105,15912133569,21728770055,17788171722,17692341358,16251460689,14824728528,14991283216,19462175322,21765261042,25705296184,26314220188,30180108562,32285388165,33711069431,31655473664,35604137423,39030285468,43161452678,39147844526,41806219379,41632027600,38857251336,39459581217,42236836821,52064058834,59626020162,62343022651,68640825481,79041294874,92507257784,92897320376,93216746662,1.01E+11,98266306615,1.07E+11,1.10E+11,1.01E+11,1.03E+11,1.10E+11,1.18E+11
MC,,,,,,,,,,,293073868,327651488,402460333.2,523552815.1,563939670.7,711922994.2,735339911.9,811250927.4,1000535735,1209898293,1378130996,1205166026,1143229072,1092551781,1037314956,1082851077,1515209588,1839095595,2000674667,2010116851,2481316054,2480497539,2737067002,2574440023,2720297793,3130270895,3137848801,2840182221,2934578821,2906009308,2647883816,2671424966,2905840862,3589126975,4110169853,4203084194,4582988333,5867916781,6476490406,5451653237,5362649007,6080344732,5743029680,6553372278,7060236168,6258844405,6468694690,6415370746,7184844193
MD,,,,,,,,,,,,,,,,,,,,,,,,,,,,,,,,,,,,1752979926,1695122174,1930081169,1698717505,1170782957,1288429392,1480673594,1661818168,1980907435,2598249556,2988348836,3408244549,4401189466,6054849885,5439422031,6974960426,8414360571,8709165249,9496684622,9510219299,7745231660,8071480541,9669759987,11443671436
MX,13040000000,14160000000,15200000000,16960000000,20080000000,21840000000,24320000000,26560000000,29360000000,32480000000,35520000000,39200000000,45200000000,55280000000,72000000000,88000000000,89025974026,81814159292,1.03E+11,1.35E+11,2.05E+11,2.64E+11,1.85E+11,1.56E+11,1.84E+11,1.95E+11,1.35E+11,1.48E+11,1.82E+11,2.21E+11,2.61E+11,3.13E+11,3.63E+11,5.01E+11,5.28E+11,3.60E+11,4.11E+11,5.00E+11,5.27E+11,6.00E+11,7.08E+11,7.57E+11,7.72E+11,7.29E+11,7.82E+11,8.77E+11,9.75E+11,1.05E+12,1.11E+12,9.00E+11,1.06E+12,1.18E+12,1.20E+12,1.27E+12,1.31E+12,1.17E+12,1.08E+12,1.16E+12,1.22E+12
MT,,,,,,,,,,,250721821.6,264579879.8,295118249.3,345602025.4,376094108.5,474620439.6,527936988.8,625573345.5,793675169.9,1001300838,1250242108,1243469361,1234518125,1165771369,1101828569,1117835286,1435079200,1751247763,2019474244,2118574772,2547163582,2750041434,3021910217,2709178327,2998570147,3439931907,3570271558,3705372039,3923637971,4127313818,4306192436,4331870648,4689832690,5456583589,6062780269,6394851387,6757119558,7880509171,8977149553,8528202278,8749171417,9510019135,9209873466,10154463059,11303729347,10715545899,11452895367,12768671650,14553422929
ME,,,,,,,,,,,,,,,,,,,,,,,,,,,,,,,,,,,,,,,,,984297589.4,1159869246,1284685051,1707710053,2073234418,2257174481,2721903149,3680710375,4545674528,4159328980,4139192053,4538199889,4087725813,4464261816,4587928884,4052913386,4374128319,4844592067,5504166667
MN,,,,,,,,,,,,,,,,,,,,,,2310099100,2552401933,2725736633,2098734600,2186505475,2896178867,3020611600,3204461567,3576966800,2560785660,2379018326,1317611864,768401634.2,925817092.2,1452165005,1345719472,1180934203,1124440249,1057408589,1136896124,1267997934,1396555720,1595297356,1992066808,2523471532,3414055566,4234999823,5623216449,4583850368,7189481824,10409797649,12292770631,12582122604,12226514722,11749620620,11186734674,11425755280,13066749138
MW,162956740.9,174576508.5,183116337.7,190816183.7,194736105.3,229455410.9,260394792.1,269814968.2,245169806.8,265810632.4,290531621.3,365386929.8,406062874.3,444281703.9,548621017.6,613220652.9,670317634.2,806290840.6,949034016.8,1058269066,1237655461,1237685692,1180104216,1223186840,1208008985,1131347798,1183654828,1183094128,1379924257,1590215583,1880771556,2203545857,1799517082,2070636936,1181802596,1397457932,2281034131,2663234934,1750584265,1775921718,1743506531,1716502862,3495748398,3208837077,3476094499,3655909664,3998020177,4432937046,5321012192,6191127665,6959655571,8004000737,6028487929,5518880769,6047813437,6373212641,5433040160,6303292264,7064971176
MY,1916241997,1901868548,2001502679,2510126748,2674441396,2956356984,3143538482,3188945512,3330393310,3664575983,3864170913,4244340334,5043268549,7662996767,9496074114,9298800799,11050125905,13139397879,16358376511,21213672089,24488033442,25004557094,26804401816,30346788438,33943505718,31200161095,27734562640,32181695507,35271880250,38848567631,44024178343,49143148094,59167550163,66894837030,74478356958,88705342903,1.01E+11,1.00E+11,72167498981,79148421053,93789736842,92783947368,1.01E+11,1.10E+11,1.25E+11,1.44E+11,1.63E+11,1.94E+11,2.31E+11,2.02E+11,2.55E+11,2.98E+11,3.14E+11,3.23E+11,3.38E+11,3.01E+11,3.01E+11,3.19E+11,3.59E+11
NI,223854666.7,240524723.4,265291588.7,292916241.1,341973758.9,566542872.4,606671444,657171436.7,695899980.4,747971449.6,776585681.1,826571413.4,880842890.1,1093571442,1520900045,1590428523,1847871372,2239857061,2142128604,1527852636,2189347368,2448290110,2465165180,2743341724,3105517091,2683816289,2885710609,3851213728,2630904262,1013184746,1009455484,1488804124,1792800000,1756454248,3863185119,4140470000,4308351903,4389965591,4635267225,4855717875,5107329007,5323146566,5224213018,5322454926,5795568205,6321335612,6763418646,7423367753,8496946608,8298679909,8758639096,9774262742,10531964139,10982979274,11880472593,12756706583,13286048705,13785943183,13063873078
NL,12276734172,13493833740,14647057370,15891241386,18699380731,21000586933,22867203317,25087562181,27817605743,34035946604,38164716869,44579122682,54706557264,71840910058,87243413477,1.00E+11,1.09E+11,1.27E+11,1.56E+11,1.80E+11,1.95E+11,1.64E+11,1.58E+11,1.53E+11,1.44E+11,1.44E+11,2.01E+11,2.45E+11,2.62E+11,2.58E+11,3.18E+11,3.28E+11,3.63E+11,3.54E+11,3.79E+11,4.52E+11,4.50E+11,4.17E+11,4.38E+11,4.47E+11,4.16E+11,4.31E+11,4.72E+11,5.79E+11,6.57E+11,6.85E+11,7.33E+11,8.47E+11,9.48E+11,8.68E+11,8.47E+11,9.04E+11,8.39E+11,8.77E+11,8.91E+11,7.65E+11,7.84E+11,8.32E+11,9.14E+11
NO,5163271598,5632460937,6066976683,6510239503,7159202706,8058681060,8696460205,9514496703,10159934137,11063065083,12814123115,14583114840,17358610850,22534253703,27145693810,32877805200,35942270686,41508030431,46523091010,53132244624,64439382896,63596654761,62647195538,61627240831,62057955033,65416879914,78693253276,94230055659,1.02E+11,1.03E+11,1.20E+11,1.22E+11,1.31E+11,1.21E+11,1.27E+11,1.52E+11,1.64E+11,1.61E+11,1.54E+11,1.62E+11,1.71E+11,1.74E+11,1.96E+11,2.29E+11,2.65E+11,3.09E+11,3.46E+11,4.01E+11,4.62E+11,3.86E+11,4.29E+11,4.98E+11,5.10E+11,5.23E+11,4.98E+11,3.86E+11,3.69E+11,3.98E+11,4.34E+11
NZ,5485854792,5670064168,6077496268,6638937283,7274144351,5654463586,5863733231,5961418094,5180597621,5761588762,6495605290,7911136757,9567331065,12802281898,13940981798,12861983284,13604832424,15446825318,18530518395,20731243113,23244547385,24417617184,24164603059,24309279706,21665975319,24679795396,30604668357,40376354070,45176811594,43920222525,45495129385,42745329732,41649829860,46775620817,55314732279,63918703507,70140835299,66075143415,56227169851,58762260626,52623281957,53872425917,66627729311,88250885550,1.04E+11,1.15E+11,1.12E+11,1.37E+11,1.33E+11,1.21E+11,1.47E+11,1.68E+11,1.76E+11,1.91E+11,2.01E+11,1.77E+11,1.88E+11,2.03E+11,2.05E+11
PA,537147100,599026300,652120900,722784500,776137500,852485300,928833000,1034376400,1112791100,1221305700,1351006400,1523917200,1673411700,1913793400,2188307600,2435304100,2588106000,2738261900,3244558600,3704551600,4614086400,5222421500,5769767900,5923755900,6183387100,6541517100,6797834200,6827665300,5902783400,5918469800,6433967000,7074675500,8042337700,8782585400,9365289800,9573813700,9870494000,10677286100,11575486400,12130252200,12304115000,12502013400,12994310400,13693981200,15013381700,16374393900,18141666300,21295984200,25155888600,27116635600,29440300000,34686200000,40429700000,45600000000,49921500000,54091700000,57957600000,62283800000,65055100000
PE,2571908062,2899654840,3286773188,3600957771,4356913870,5166861068,6113607728,6204253759,5736083835,6420909790,7432223177,8289582884,9189413409,10994381895,13858441211,16877163792,15947709380,14620386674,12495779622,15962459447,18134029180,21649137620,21793496819,17345624454,17599660054,16548827018,15244232958,20702298397,15439408447,22499559086,26410386669,34341465998,35966302303,34832077221,44882079767,53312793687,55252414130,58147522523,55501467877,50187324568,51744749133,52030158775,54777553515,58731030122,66768703498,76060606061,88643193062,1.02E+11,1.21E+11,1.21E+11,1.48E+11,1.72E+11,1.93E+11,2.01E+11,2.01E+11,1.90E+11,1.92E+11,2.11E+11,2.22E+11
PH,6684568805,7256966966,4399827768,4875309866,5271404668,5784398977,6371459304,6809134236,7591603053,8408229699,6687204834,7408305736,8017468688,10082885603,13781139970,14893969288,17097563270,19648106122,22706155475,27502168727,32450541843,35646416953,37140163934,33212180658,31408492877,30734335449,29868339081,33195933430,37885440419,42575183906,44311593756,45417561302,52976344929,54368083953,64084460124,74119987245,82848140618,82344260571,72207028768,82995145793,81026300310,76262072467,81357605642,83908206648,91371242495,1.03E+11,1.22E+11,1.49E+11,1.74E+11,1.68E+11,2.00E+11,2.24E+11,2.50E+11,2.72E+11,2.85E+11,2.93E+11,3.05E+11,3.14E+11,3.31E+11
PL,,,,,,,,,,,,,,,,,,,,,,,,,,,,,,,65977748211,85500935935,94337050693,96045645026,1.11E+11,1.42E+11,1.60E+11,1.59E+11,1.74E+11,1.70E+11,1.72E+11,1.91E+11,1.99E+11,2.18E+11,2.55E+11,3.06E+11,3.45E+11,4.29E+11,5.34E+11,4.40E+11,4.79E+11,5.29E+11,5.00E+11,5.24E+11,5.45E+11,4.78E+11,4.72E+11,5.26E+11,5.86E+11
PT,3193200404,3417516639,3668222358,3905734460,4235608178,4687464055,5135387846,5740241166,6354262628,6969025826,8108235007,9201607067,11239117124,15090566639,17512388319,19347608627,20332834218,21439525406,23487613139,26622818852,32896521426,31977275896,30527754541,27239650742,25217969597,27115807154,38745902024,48182925146,56347251114,60594092437,78713859795,89233599833,1.08E+11,95009751901,99688640942,1.18E+11,1.23E+11,1.17E+11,1.24E+11,1.27E+11,1.18E+11,1.21E+11,1.34E+11,1.65E+11,1.89E+11,1.97E+11,2.09E+11,2.40E+11,2.62E+11,2.44E+11,2.38E+11,2.45E+11,2.16E+11,2.26E+11,2.30E+11,1.99E+11,2.06E+11,2.21E+11,2.41E+11
RO,,,,,,,,,,,,,,,,,,,,,,,,,,,,38413636364,40809523810,42105263158,38995454545,28998684211,25121666667,26362894737,30074440483,37435317265,36937074278,35574916295,41694118973,35952781582,37253259017,40394824679,46066101951,57806506024,74972669057,98452791983,1.22E+11,1.75E+11,2.14E+11,1.74E+11,1.66E+11,1.83E+11,1.71E+11,1.91E+11,2.00E+11,1.78E+11,1.88E+11,2.12E+11,2.40E+11
RU,,,,,,,,,,,,,,,,,,,,,,,,,,,,,5.55E+11,5.07E+11,5.17E+11,5.18E+11,4.60E+11,4.35E+11,3.95E+11,3.96E+11,3.92E+11,4.05E+11,2.71E+11,1.96E+11,2.60E+11,3.07E+11,3.45E+11,4.30E+11,5.91E+11,7.64E+11,9.90E+11,1.30E+12,1.66E+12,1.22E+12,1.52E+12,2.05E+12,2.21E+12,2.30E+12,2.06E+12,1.36E+12,1.28E+12,1.58E+12,1.66E+12
SA,,,,,,,,,4187777711,4485777644,5377333333,7184853348,9664157499,14947391140,45412957746,46773368206,64005665722,74188249979,80265619485,1.12E+11,1.65E+11,1.84E+11,1.53E+11,1.29E+11,1.20E+11,1.04E+11,86961922765,85695861148,88256074766,95344459279,1.18E+11,1.32E+11,1.37E+11,1.33E+11,1.35E+11,1.43E+11,1.59E+11,1.66E+11,1.47E+11,1.62E+11,1.90E+11,1.84E+11,1.90E+11,2.16E+11,2.59E+11,3.28E+11,3.77E+11,4.16E+11,5.20E+11,4.29E+11,5.28E+11,6.71E+11,7.36E+11,7.47E+11,7.56E+11,6.54E+11,6.45E+11,6.89E+11,7.87E+11
SG,704756304.7,764634783.7,826244610,917614007.6,894159153.3,974650463.9,1096432771,1238043904,1425715406,1659904613,1920586698,2263785444,2721440981,3696213333,5221534956,5633673930,6327077974,6618585074,7517176355,9296921724,11896256783,14175228844,16084252378,17784112150,19749361098,19156532746,18586746057,20919215578,25371462488,30465364739,36144336769,45466164978,52130263966,60603478153,73690847191,87810991957,96295886525,1.00E+11,85728310229,86284660767,96074477958,89794943350,92537752709,97645448284,1.15E+11,1.28E+11,1.49E+11,1.81E+11,1.94E+11,1.94E+11,2.40E+11,2.79E+11,2.95E+11,3.08E+11,3.15E+11,3.08E+11,3.18E+11,3.38E+11,3.64E+11
SV,,,,,,877720000,929520000,976200000,1009760100,1049400000,1132920000,1186120000,1263720000,1442320000,1665880000,1884120100,2328280100,2941640100,3127960000,3463639900,3573959900,3437200200,3399189100,3506347800,3661683400,3800368600,3771663200,3958045800,4189880000,4372215300,4817542204,5252342400,5813399300,6680269200,7679384000,8921947100,9586327800,10221705900,10936669900,11284197000,11784927700,12282533600,12664190300,13243892200,13724810900,14698001400,15999886400,17011750900,17986890000,17601620000,18448000000,20284000000,21386000000,21991000000,22593000000,23438000000,24154000000,24928000000,26057000000
SM,,,,,,,,,,,,,,,,,,,,,,,,,,,,,,,,,,,,,,,,1215640315,1101897918,1160626398,1253529080,1600451467,1877328036,1958711603,2092585623,2488365727,2752307016,2363156432,2139072848,2054489853,1800077091,1865374403,1788510017,1523012088,1564380531,1632860041,1632860041
RS,,,,,,,,,,,,,,,,,,,,,,,,,,,,,,,,,,,,16750000000,20948677840,24147996550,18284194680,18409364147,6540247190,12267175481,16116843146,21188704081,24861483281,27683225959,32482070360,43170990616,52194221469,45162894381,41819468692,49258136129,43309252921,48394239475,47062206678,39628550869,40630392019,44120424392,50597289147
SK,,,,,,,,,,,,,,,,,,,,,,,,,,,,,,,12747380523,14272201508,15495514426,16520676622,20162935817,25840146405,27925036755,27706028096,29856000671,30453383763,29169953013,30752150336,35130340674,46816589165,57332015148,62785305310,70708098106,86454081577,1.00E+11,89046289247,90183986822,98997521242,94416582465,98723944144,1.01E+11,88457167724,89640741266,95241436352,1.06E+11
SI,,,,,,,,,,,,,,,,,,,,,,,,,,,,,,,18198205508,13263688696,13101056604,13258920423,15049621395,21352223817,21507233003,20763101591,22146232112,22711383652,20289627637,20876309576,23489889975,29634713063,34414784504,36206396344,39481044913,48006373118,55552508715,50368056543,48161250935,51516367350,46580457470,48401896410,49930685013,43090173062,44651537260,48441722816,54007972106
SE,15822585034,17212686615,18667251380,20204870630,22532416750,24795499686,26971486546,29275995675,31066819929,33738102482,37780565240,41226082639,48553327545,58918580977,65472846353,82206762873,88630408366,93695265976,1.04E+11,1.22E+11,1.41E+11,1.29E+11,1.13E+11,1.04E+11,1.08E+11,1.13E+11,1.49E+11,1.82E+11,2.05E+11,2.16E+11,2.60E+11,2.72E+11,2.82E+11,2.11E+11,2.27E+11,2.65E+11,2.90E+11,2.66E+11,2.69E+11,2.72E+11,2.61E+11,2.41E+11,2.65E+11,3.32E+11,3.83E+11,3.90E+11,4.20E+11,4.88E+11,5.15E+11,4.35E+11,4.95E+11,5.73E+11,5.51E+11,5.85E+11,5.80E+11,5.04E+11,5.16E+11,5.41E+11,5.56E+11
TH,2760747472,3034043574,3308912797,3540403457,3889129942,4388937649,5279230817,5638461442,6081009428,6695336567,7086538438,7375000024,8177884553,10838587358,13703000530,14882747955,16985211146,19779315170,24006570178,27371699083,32353440727,34846107862,36589797857,40042826244,41797592963,38900692712,43096746122,50535438696,61667199835,72250877410,85343063966,98234695722,1.11E+11,1.29E+11,1.47E+11,1.69E+11,1.83E+11,1.50E+11,1.14E+11,1.27E+11,1.26E+11,1.20E+11,1.34E+11,1.52E+11,1.73E+11,1.89E+11,2.22E+11,2.63E+11,2.91E+11,2.82E+11,3.41E+11,3.71E+11,3.98E+11,4.20E+11,4.07E+11,4.01E+11,4.12E+11,4.55E+11,5.05E+11
TJ,,,,,,,,,,,,,,,,,,,,,,,,,,,,,,,2629395066,2534720480,1909246641,1646693642,1522018436,1231567145,1043654822,921572114.5,1320242081,1086605267,860521119.3,1080768907,1221120799,1555301496,2076182461,2312327536,2830220713,3719506173,5161337336,4979481980,5642178580,6522732203,7633049792,8448469838,9112544556,7854602392,6952678127,7157865188,7522947810
TT,535670127.7,584961208.7,619319197.3,678235373,711893367.6,736568861.9,723735635.5,761981474,758899950,779200000,821850000,896754316.7,1083381044,1308799459,2042031901,2442667573,2500410584,3138666667,3562333458,4602416625,6235833333,6992083333,8140416667,7763750000,7757083333,7375918367,4794444444,4797777778,4496852073,4323058824,5068000000,5307905882,5439552941,4669488516,4947205860,5329214163,5759537726,5737751332,6043694330,6808982521,8154338233,8824873259,9008273721,11305459802,13280275123,15982282462,18369361094,21641620050,27871587350,19172165226,22157948396,25433011405,25763220107,27268478565,27615843098,25062893969,22284780327,22474828527,23808146748
TN,,,,,,991047619,1040952381,1085714286,1214666667,1289904762,1439238095,1685217059,2237476420,2730787476,3545933562,4328610490,4507929104,5109324009,5968044210,7188191882,8744134354,8428513568,8133401050,8350176783,8254891864,8410185740,9018136020,9696271268,10096292842,10102075213,12290568182,13074782609,15497286296,14608946896,15632463424,18030876599,19587322786,20746360430,21803372267,22943685719,21473188882,22066101341,23142294436,27453084983,31183139301,32273007554,34378437265,38908069299,44856586316,43454935940,44050929160,45810626509,45044112939,46251061734,47632326088,43173480832,41802653631,39813383484,39871132268
TR,13995067818,7988888889,8922222222,10355555556,11177777778,11966666667,14100000000,15644444444,17500000000,19466666667,17086956522,16256619964,20431095406,25724381625,35599913836,44633707243,51280134554,58676813687,65147022486,89394085658,68789289566,71040020140,64546332581,61678280115,59989909458,67234948265,75728009963,87172789528,90852814005,1.07E+11,1.51E+11,1.50E+11,1.58E+11,1.80E+11,1.31E+11,1.69E+11,1.81E+11,1.90E+11,2.76E+11,2.56E+11,2.73E+11,2.00E+11,2.38E+11,3.12E+11,4.05E+11,5.01E+11,5.52E+11,6.76E+11,7.64E+11,6.45E+11,7.72E+11,8.33E+11,8.74E+11,9.51E+11,9.34E+11,8.60E+11,8.64E+11,8.53E+11,7.71E+11
UA,,,,,,,,,,,,,,,,,,,,,,,,,,,,64087694038,74703517903,82709161099,81456918679,77464561150,73942235330,65648559903,52549555149,48213868178,44558077827,50150399792,41883241472,31580639045,31261527363,37972301335,42351593887,50084197498,64819702952,86057915585,1.08E+11,1.43E+11,1.80E+11,1.17E+11,1.36E+11,1.63E+11,1.76E+11,1.83E+11,1.34E+11,91030959455,93355993629,1.12E+11,1.31E+11
UY,1242289239,1547388781,1710004407,1539681491,1975701816,1890769326,1809183975,1597721080,1593675330,2004435484,2137096774,2807258065,2189418001,3964295673,4090209682,3538283322,3667161241,4114667063,4910257283,7181185278,10163020116,11048335541,9178802163,5102281256,4850241442,4732017873,5880112788,7367494080,8213515459,8438951476,9298839655,11205971155,12878199881,15002106518,17474647792,19297663097,20515543039,23969823010,25385928198,23983945191,22823255802,20898788417,13606494599,12045631093,13686329890,17362857685,19579457965,23410572633,30366213118,31660911279,40284481653,47962439303,51264390114,57531233351,57236013058,53274304222,52687612262,56488991831,59596885024
US,5.43E+11,5.63E+11,6.05E+11,6.39E+11,6.86E+11,7.44E+11,8.15E+11,8.62E+11,9.43E+11,1.02E+12,1.07E+12,1.16E+12,1.28E+12,1.43E+12,1.55E+12,1.68E+12,1.87E+12,2.08E+12,2.35E+12,2.63E+12,2.86E+12,3.21E+12,3.34E+12,3.63E+12,4.04E+12,4.34E+12,4.58E+12,4.86E+12,5.24E+12,5.64E+12,5.96E+12,6.16E+12,6.52E+12,6.86E+12,7.29E+12,7.64E+12,8.07E+12,8.58E+12,9.06E+12,9.63E+12,1.03E+13,1.06E+13,1.09E+13,1.15E+13,1.22E+13,1.30E+13,1.38E+13,1.45E+13,1.47E+13,1.44E+13,1.50E+13,1.55E+13,1.62E+13,1.68E+13,1.75E+13,1.82E+13,1.87E+13,1.95E+13,2.05E+13
UZ,,,,,,,,,,,,,,,,,,,,,,,,,,,,,,,13360607918,13677622222,12941297376,13099013836,12899156991,13350468917,13948892216,14744603774,14988971211,17078465982,13760513969,11401421329,9687788513,10134453435,12030023548,14307509839,17330833853,22311393928,29549438884,33689223673,46679875794,56516280748,63628854499,68997168338,76658542757,81847410182,81779012351,59159945321,50499921558
VN,,,,,,,,,,,,,,,,,,,,,,,,,,14094687821,26336616250,36658108850,25423812649,6293304975,6471740806,9613369520,9866990236,13180953598,16286433533,20736164459,24657470575,26843700442,27209602050,28683659007,31172518403,32685198735,35064105501,39552513316,45427854693,57633255618,66371664817,77414425532,99130304099,1.06E+11,1.16E+11,1.36E+11,1.56E+11,1.71E+11,1.86E+11,1.93E+11,2.05E+11,2.24E+11,2.45E+11
ZA,7575396973,7972996814,8497996604,9423396234,10373995855,11334395471,12354995063,13777394495,14894594048,16780393295,18418392640,20333691315,21357435928,29295674713,36807721039,38114542813,36603349968,40651349965,46739449959,57645721016,82980483391,85454420504,78423059791,87415851379,77344092904,59082638803,67521602553,88573697222,95176640968,99030856825,1.16E+11,1.24E+11,1.35E+11,1.34E+11,1.40E+11,1.55E+11,1.48E+11,1.53E+11,1.38E+11,1.37E+11,1.36E+11,1.22E+11,1.15E+11,1.75E+11,2.29E+11,2.58E+11,2.72E+11,2.99E+11,2.87E+11,2.96E+11,3.75E+11,4.16E+11,3.96E+11,3.67E+11,3.51E+11,3.18E+11,2.96E+11,3.50E+11,3.68E+11
ZM,713000000,696285714.3,693142857.1,718714285.7,839428571.4,1082857143,1264285714,1368000000,1605857143,1965714286,1825285714,1687000000,1910714286,2268714286,3121833333,2618666667,2746714286,2483000000,2813375000,3325500000,3829500000,3872666667,3994777778,3216307692,2739444444,2281258065,1661948718,2269894737,3713614458,3998637681,3285217391,3378882353,3181921788,3273237853,3656647744,3807067122,3597220962,4303281932,3537683046,3404311977,3600683040,4094480988,4193845678,4901839731,6221077675,8331870169,12756858899,14056957976,17910858638,15328342304,20265556274,23460098340,25503370699,28045460442,27150630607,21243350633,20954754378,25868142077,26720073436
ZW,1052990400,1096646600,1117601600,1159511700,1217138000,1311435800,1281749500,1397002000,1479599900,1747998800,1884206300,2178716300,2677729400,3309353600,3982161400,4371300700,4318372000,4364382100,4351600500,5177459400,6678868200,8011373800,8539700700,7764067000,6352125900,5637259300,6217523700,6741215100,7814784100,8286322700,8783816700,8641481700,6751472200,6563813300,6890675000,7111270700,8553146600,8529571600,6401968200,6858013100,6689957600,6777384700,6342116400,5727591800,5805598400,5755215200,5443896500,5291950100,4415702800,9665793300,12041655200,14101920300,17114849900,19091020000,19495519600,19963120600,20548678100,22813010116,31000519447
EP,2.79E+11,2.96E+11,3.23E+11,3.57E+11,3.95E+11,4.30E+11,4.79E+11,5.16E+11,5.40E+11,5.97E+11,8.78E+11,9.92E+11,1.19E+12,1.51E+12,1.71E+12,2.00E+12,2.08E+12,2.35E+12,2.88E+12,3.52E+12,3.99E+12,3.56E+12,3.43E+12,3.32E+12,3.20E+12,3.31E+12,4.51E+12,5.62E+12,6.25E+12,6.38E+12,8.07E+12,8.38E+12,9.11E+12,8.36E+12,8.83E+12,1.03E+13,1.06E+13,9.97E+12,1.04E+13,1.03E+13,9.66E+12,9.71E+12,1.06E+13,1.29E+13,1.49E+13,1.57E+13,1.68E+13,1.95E+13,2.10E+13,1.88E+13,1.89E+13,2.05E+13,1.95E+13,2.03E+13,2.09E+13,1.85E+13,1.86E+13,1.94E+13,2.08E+13
OA,3955746814,4265389486,4495296001,4764593813,5236001678,5548970069,5865553139,6341976631,6875877845,7046243349,7305179912,7840902913,9119606638,11371718130,13941939287,17680617638,19973555341,22581091124,26597628057,32068389498,37070044695,34203274640,32182752439,30173094995,30026076415,31196276334,41799131932,47141249102,49312709665,47518476987,54210717731,55298221824,54951682119,56020714967,43200585668,50291195446,54370811447,52934389650,54173770230,56700429295,52178669929,54748880746,60603959274,75972027764,89806830564,1.01E+11,1.12E+11,1.33E+11,1.64E+11,1.53E+11,1.61E+11,1.84E+11,1.88E+11,2.02E+11,2.14E+11,1.83E+11,1.87E+11,2.03E+11,2.27E+11
GC,0,0,0,0,0,2160739289,2459255111,2549045747,7039762176,7495290790,8809409009,11753934421,14992476151,21632603439,62465053307,78127662211,1.02E+11,1.20E+11,1.26E+11,1.77E+11,2.54E+11,2.78E+11,2.40E+11,2.11E+11,2.03E+11,1.86E+11,1.54E+11,1.61E+11,1.63E+11,1.81E+11,2.10E+11,2.18E+11,2.36E+11,2.37E+11,2.45E+11,2.64E+11,2.94E+11,3.09E+11,2.79E+11,3.11E+11,3.78E+11,3.68E+11,3.87E+11,4.44E+11,5.36E+11,6.81E+11,8.17E+11,9.32E+11,1.18E+12,9.58E+11,1.14E+12,1.44E+12,1.58E+12,1.62E+12,1.64E+12,1.39E+12,1.36E+12,1.46E+12,1.65E+12
EA,,,,,,,,,,,,,,,,,,,,,,,,,,,,2331358820,5.58E+11,5.10E+11,5.85E+11,5.80E+11,5.16E+11,4.87E+11,4.42E+11,4.40E+11,4.38E+11,4.52E+11,3.20E+11,2.36E+11,3.03E+11,3.55E+11,4.01E+11,4.99E+11,6.81E+11,8.82E+11,1.15E+12,1.51E+12,1.95E+12,1.47E+12,1.83E+12,2.42E+12,2.61E+12,2.75E+12,2.51E+12,1.72E+12,1.57E+12,1.91E+12,2.01E+12
TW,,,,,,,,,,,,,,,,,,,,,,,,,,,,,,,,,,,,2.79E+11,2.93E+11,3.04E+11,2.30E+11,3.04E+11,3.31E+11,3.00E+11,3.09E+11,3.19E+12,3.49E+11,3.76E+11,3.84E+11,4.08E+11,3.92E+11,4.17E+11,4.46E+11,4.86E+11,4.96E+11,5.12E+11,5.26E+11,5.31E+11,5.31E+11,5.75E+11,5.90E+11
WO,0,0,0,0,0,0,0,0,0,0,0,0,0,0,0,0,0,0,0,0,0,0,0,0,0,0,0,0,0,0,0,0,0,0,0,0,0,0,0,0,0,0,0,0,0,0,0,0,0,0,0,0,0,0,0,0,0,0,0
